{
  "id": "",
  "name": "",
  "font_family": "iconfont",
  "css_prefix_text": "icon-",
  "description": "",
  "glyphs": [
    {
      "icon_id": "201559",
      "name": "火热",
      "font_class": "huore",
      "unicode": "f01f3",
      "unicode_decimal": 983539
    },
    {
      "icon_id": "750913",
      "name": "女装",
      "font_class": "nvzhuang",
      "unicode": "e7b7",
      "unicode_decimal": 59319
    },
    {
      "icon_id": "1048410",
      "name": "美妆类目",
      "font_class": "meizhuangleimu",
      "unicode": "e6e6",
      "unicode_decimal": 59110
    },
    {
      "icon_id": "1068658",
      "name": "食品饮料",
      "font_class": "weibiaoti2fuzhi14",
      "unicode": "e61c",
      "unicode_decimal": 58908
    },
    {
      "icon_id": "1732092",
      "name": "女鞋",
      "font_class": "nvxie",
      "unicode": "f02f8",
      "unicode_decimal": 983800
    },
    {
      "icon_id": "1774705",
      "name": "工业品-01",
      "font_class": "gongyepin-",
      "unicode": "e706",
      "unicode_decimal": 59142
    },
    {
      "icon_id": "5024128",
      "name": "沙发",
      "font_class": "shafa",
      "unicode": "e61d",
      "unicode_decimal": 58909
    },
    {
      "icon_id": "5387752",
      "name": "电脑_o",
      "font_class": "diannao_o",
      "unicode": "eb49",
      "unicode_decimal": 60233
    },
    {
      "icon_id": "5961393",
      "name": "汽车",
      "font_class": "qiche",
      "unicode": "ec6d",
      "unicode_decimal": 60525
    },
    {
      "icon_id": "8288872",
      "name": "手机",
      "font_class": "shouji",
      "unicode": "e853",
      "unicode_decimal": 59475
    },
    {
      "icon_id": "22965492",
      "name": "母婴",
      "font_class": "tubiao_muying",
      "unicode": "e61f",
      "unicode_decimal": 58911
    },
    {
      "icon_id": "34952306",
      "name": "斜线",
      "font_class": "xiexian",
      "unicode": "e6ae",
      "unicode_decimal": 59054
    },
    {
      "icon_id": "41902769",
      "name": "火热",
      "font_class": "huore1",
      "unicode": "e692",
      "unicode_decimal": 59026
    }
  ]
}
